model,AUC_median,AUC_ci_low,AUC_ci_high,F1_median,F1_ci_low,F1_ci_high,ACC_median,ACC_ci_low,ACC_ci_high,PRE_median,PRE_ci_low,PRE_ci_high,SEN_median,SEN_ci_low,SEN_ci_high,SPE_median,SPE_ci_low,SPE_ci_high,n_boot,thr,auc_nan,spe_nan
DT,0.6617249463464074,0.6088917389366985,0.7096091732299211,0.7519624007709124,0.7116226344388233,0.787881066302119,0.6659707724425887,0.6220772442588727,0.7098121085594989,0.6807909604519774,0.6314099025974026,0.7260025219248422,0.8410723169751629,0.7962945492662473,0.8835635118306351,0.40196196292467123,0.33505154639175255,0.47475378787878786,1000,0.5,0,0
RF,0.78125,0.7364615460848795,0.8198885248546633,0.7919565695910573,0.7559055118110237,0.8249304733137283,0.7160751565762005,0.6764091858037579,0.755741127348643,0.7095431238999005,0.6629818734868707,0.7533884619668114,0.8960152510163335,0.8590962572837292,0.931509080362322,0.4444444444444444,0.37558052075925824,0.510425067204301,1000,0.5,0,0
XGB,0.7790777230432402,0.7343512451320033,0.8171071608990482,0.8005952380952381,0.7633915340033747,0.8328331466965285,0.7306889352818372,0.6889352818371608,0.7682672233820459,0.7239021258920817,0.6761151384535006,0.7690195016251354,0.8961255596482742,0.8601398601398601,0.9326300654086158,0.48157843707581927,0.41087522213759836,0.5523332313341494,1000,0.5,0,0
SVM,0.7877363803996058,0.7425888482637018,0.8284581597475847,0.7922077922077922,0.7551643556528613,0.8265846749195882,0.7390396659707724,0.697286012526096,0.7787578288100209,0.763198885063125,0.7147321428571429,0.8078241700391537,0.8248175182481752,0.7793103448275862,0.8633325789699365,0.6111111111111112,0.5423552259887006,0.6828112335872912,1000,0.5,0,0
GBDT,0.7846590598386535,0.739872992219556,0.8240043495997513,0.7818039103753389,0.7450314458420375,0.8165234526424603,0.7139874739039666,0.6701461377870563,0.7536534446764092,0.7196648645279903,0.6696918335901386,0.7643762677484787,0.8576388888888888,0.8187632996409098,0.8981848998459168,0.49214659685863876,0.41758100147275407,0.5602193399968268,1000,0.5,0,0
STACK,0.7860826341058251,0.7391344149014663,0.8239160603317032,0.7933522456254865,0.7561354965111884,0.8270522169077732,0.7306889352818372,0.6868475991649269,0.7703549060542797,0.7352526926263463,0.6864394243305586,0.7802006340706031,0.8615916955017301,0.8229123118729097,0.9006934054888027,0.526829268292683,0.4576226108907321,0.596595491202346,1000,0.5,0,0
