model,AUC_median,AUC_ci_low,AUC_ci_high,F1_median,F1_ci_low,F1_ci_high,ACC_median,ACC_ci_low,ACC_ci_high,PRE_median,PRE_ci_low,PRE_ci_high,SEN_median,SEN_ci_low,SEN_ci_high,SPE_median,SPE_ci_low,SPE_ci_high,n_boot,thr,auc_nan,spe_nan
DT,0.670737598581116,0.6261513955023136,0.7195852215811677,0.7616897165984535,0.7249477031210777,0.7976830326804423,0.6764091858037579,0.6346555323590815,0.7181628392484343,0.683924858924859,0.6342822299651567,0.7302817837442679,0.8615390909941083,0.8224194152923539,0.8993456375838926,0.39847409801934086,0.32828088578088577,0.4663298791018998,1000,0.5,0,0
RF,0.7842604521101698,0.7421058123752309,0.826420882495624,0.7856025039123631,0.7479046793199021,0.8198235678946723,0.7160751565762005,0.6743215031315241,0.755741127348643,0.7189840719355012,0.6686558410294569,0.7643719927826784,0.8655172413793103,0.8246252291175701,0.9049222006112809,0.4862633215590375,0.4171011586452763,0.5561933577258654,1000,0.5,0,0
XGB,0.7911636793647994,0.7491508335209568,0.8325461102109779,0.786964053155306,0.7483854730461139,0.8205947204453528,0.7202505219206681,0.6784968684759917,0.7599164926931107,0.7276868281785054,0.6784634891062464,0.7723181818181819,0.8581314878892734,0.818517338995046,0.8966884632081614,0.5132275132275133,0.44322773593265397,0.585888738127544,1000,0.5,0,0
SVM,0.799187999371392,0.7563590501006111,0.8372421263807717,0.8,0.7631948225293735,0.8330633379112738,0.7453027139874739,0.7056367432150313,0.7828810020876826,0.7552870090634441,0.7053564431258397,0.7987763884296692,0.852233676975945,0.8100146282153577,0.890079422908773,0.5810055865921788,0.5152947565164679,0.654038981662986,1000,0.5,0,0
GBDT,0.8009544240385248,0.759357018162818,0.8400629340238791,0.7814569536423841,0.7444970205252704,0.8153852327447833,0.7202505219206681,0.6805845511482255,0.7578288100208769,0.7376543209876543,0.6882572438368968,0.785719990871748,0.8311034544478253,0.7887273461557878,0.8745387453874539,0.5494166327499661,0.4756664998331665,0.6195808946488294,1000,0.5,0,0
STACK,0.8113021483572938,0.7695676952564849,0.8494101624528527,0.7993501111304688,0.763098439490805,0.8304855345211017,0.7453027139874739,0.7055845511482255,0.7807933194154488,0.7586206896551724,0.7080710835058661,0.8039305630509085,0.8448275862068966,0.8021201413427562,0.8854214714022139,0.5901639344262295,0.5242479500980934,0.6635424679288354,1000,0.5,0,0
