feature,mean_abs_shap
meta_3,0.39651282823101736
meta_4,0.3182223001451726
meta_2,0.225077919838201
meta_1,0.15150533809048516
meta_0,0.08515281513473759
