model,AUC_median,AUC_ci_low,AUC_ci_high,F1_median,F1_ci_low,F1_ci_high,ACC_median,ACC_ci_low,ACC_ci_high,PRE_median,PRE_ci_low,PRE_ci_high,SEN_median,SEN_ci_low,SEN_ci_high,SPE_median,SPE_ci_low,SPE_ci_high,n_boot,thr,auc_nan,spe_nan
DT,0.694701901634853,0.6462981898112724,0.7396936066611857,0.7705264236210979,0.7320591074236755,0.8027041006523765,0.6659707724425887,0.6221294363256785,0.7056367432150313,0.6587394948478096,0.6102564102564103,0.7021805286020705,0.9267845975163049,0.8950646540063842,0.955226445094117,0.2722772277227723,0.20878987517337033,0.33337628865979374,1000,0.5,0,0
RF,0.7709151933530569,0.7268675481340782,0.8108344445310984,0.7762128325508607,0.7403814935064935,0.8114663256606991,0.6993736951983298,0.6576200417536534,0.7390396659707724,0.7019234398472118,0.6535183258642766,0.7479829819484635,0.8692042812650788,0.8275862068965517,0.9071511184544993,0.4385026737967914,0.36977764423076925,0.5106564313346228,1000,0.5,0,0
XGB,0.7870700104989987,0.7435814858030204,0.8280229841106228,0.7880690737833596,0.7520681927969514,0.8212286931818181,0.7223382045929019,0.6805845511482255,0.7599164926931107,0.7270029673590505,0.6757515419683562,0.7727272727272727,0.8618912018853102,0.8220481698017286,0.9006934054888027,0.5078534031413613,0.4378293918918919,0.5751330157668951,1000,0.5,0,0
SVM,0.792319837882995,0.7513075088152111,0.8321357392471809,0.7955800416629291,0.759075907590759,0.8292702376784533,0.7369519832985386,0.697286012526096,0.7766179540709812,0.75,0.6999922600619195,0.7958689458689459,0.8481023426253108,0.8041099042709868,0.8877297056199821,0.5714285714285714,0.5051471857734807,0.6387542505532466,1000,0.5,0,0
GBDT,0.7849838589951836,0.7409147798299729,0.826591847302986,0.7790325224618091,0.7394937453808885,0.8126984126984127,0.7139874739039666,0.6701461377870563,0.7515657620041754,0.7253731343283583,0.6749226006191951,0.7723377343522326,0.8409099245601379,0.7986092032967034,0.8821533426537874,0.5167464114832536,0.4477550094829719,0.588250223947447,1000,0.5,0,0
