model,AUC_median,AUC_ci_low,AUC_ci_high,F1_median,F1_ci_low,F1_ci_high,ACC_median,ACC_ci_low,ACC_ci_high,PRE_median,PRE_ci_low,PRE_ci_high,SEN_median,SEN_ci_low,SEN_ci_high,SPE_median,SPE_ci_low,SPE_ci_high,n_boot,thr,auc_nan,spe_nan
STACK,0.8113021483572938,0.7695676952564849,0.8494101624528527,0.7993501111304688,0.763098439490805,0.8304855345211017,0.7453027139874739,0.7055845511482255,0.7807933194154488,0.7586206896551724,0.7080710835058661,0.8039305630509085,0.8448275862068966,0.8021201413427562,0.8854214714022139,0.5901639344262295,0.5242479500980934,0.6635424679288354,1000,0.5,0,0
